id,name,email,graduate-year
MissKimJames348,Miss Kim James,pattersonshannon@example.com,2025
StevenAnderson678,Steven Anderson,paul25@example.com,2022
MsMelissaHayes477,Ms Melissa Hayes,ymartin@example.com,2026
MrsMeganGodfrey476,Mrs Megan Godfrey,malcolmwarner@example.org,2025
PaulPeters297,Paul Peters,kdawson@example.com,2025
MatthewSullivan383,Matthew Sullivan,yread@example.com,2025
MeganEdwards555,Megan Edwards,gracegibson@example.com,2025
NeilBrown-Knight682,Neil Brown-Knight,callumbrennan@example.com,2025
CharleneBell583,Charlene Bell,lauraholland@example.net,2025
JillRichardson-Griffiths386,Jill Richardson-Griffiths,kayleigh55@example.com,2023
ShirleyScott242,Shirley Scott,ufaulkner@example.net,2025
MaxWilliams742,Max Williams,baxterelaine@example.org,2025
SianBrookes-Walker520,Sian Brookes-Walker,oconnorteresa@example.net,2024
BethanyJones138,Bethany Jones,shawdenis@example.org,2025
JodieSimpson626,Jodie Simpson,georgiawalker@example.net,2024
LaurenVaughan825,Lauren Vaughan,wrightgail@example.org,2027
HowardTurner-Watson459,Howard Turner-Watson,angelacarter@example.com,2021
LeeJones-Gregory967,Lee Jones-Gregory,alice56@example.com,2027
JonathanKnight813,Jonathan Knight,russellbowen@example.net,2026
MissFrancesChapman665,Miss Frances Chapman,derekgibbs@example.com,2025
AmandaChambers398,Amanda Chambers,heather13@example.com,2023
MrsMariaWest998,Mrs Maria West,smithjosephine@example.net,2024
TrevorHardy333,Trevor Hardy,owengary@example.com,2026
KarlJames-Roberts799,Karl James-Roberts,emma59@example.org,2026
DrBrendaBegum529,Dr Brenda Begum,waltersowen@example.net,2025
SheilaDodd154,Sheila Dodd,kevin56@example.net,2023
MrElliotJones380,Mr Elliot Jones,middletonlee@example.net,2027
DrMohammadCooper652,Dr Mohammad Cooper,gavinfrancis@example.com,2021
MollyAdams813,Molly Adams,clarkjayne@example.net,2023
SophieWillis663,Sophie Willis,hazel51@example.com,2027
BrettSlater144,Brett Slater,deanmandy@example.org,2023
JanetFisher971,Janet Fisher,robin25@example.net,2023
KatePotts917,Kate Potts,nigel16@example.org,2027
AliceGibson-Barrett927,Alice Gibson-Barrett,hugh34@example.com,2026
ChelseaSanders419,Chelsea Sanders,kenneth65@example.org,2022
VictorCross377,Victor Cross,harry83@example.com,2022
MrsKathleenMitchell990,Mrs Kathleen Mitchell,harriselliot@example.org,2024
BenRoberts741,Ben Roberts,ryanoconnor@example.org,2027
GaryHarrison-Lewis476,Gary Harrison-Lewis,charlenewilliamson@example.org,2027
BethanyNicholls188,Bethany Nicholls,xsmith@example.com,2026
AnnFinch255,Ann Finch,alexandermacdonald@example.com,2023
PeterSmith345,Peter Smith,irene03@example.org,2026
MrsVictoriaSmith448,Mrs Victoria Smith,lindseybentley@example.org,2025
DrNatalieHarvey772,Dr Natalie Harvey,powellben@example.org,2027
MrLukeHarris707,Mr Luke Harris,dylan93@example.net,2022
ConnorMorris912,Connor Morris,guybarber@example.com,2023
RachaelManning952,Rachael Manning,dcarter@example.org,2024
MissSarahSmith336,Miss Sarah Smith,cwhite@example.net,2025
MrsDanielleRiley467,Mrs Danielle Riley,qspencer@example.net,2022
AdrianBennett573,Adrian Bennett,maxevans@example.org,2026
RogerThompson158,Roger Thompson,xpollard@example.org,2027
IainSullivan265,Iain Sullivan,graysally@example.org,2023
MatthewThompson408,Matthew Thompson,abduljackson@example.net,2023
DrRosemaryKirk228,Dr Rosemary Kirk,dayalice@example.net,2024
DonaldCampbell605,Donald Campbell,jrobinson@example.com,2022
GrahamWilliams612,Graham Williams,hopkinsdiane@example.net,2027
DianaBrady-Rice963,Diana Brady-Rice,jemmalloyd@example.com,2025
StuartSmith-Phillips710,Stuart Smith-Phillips,leanne01@example.net,2025
JustinCurtis438,Justin Curtis,rachael36@example.net,2026
DrKieranHarris885,Dr Kieran Harris,timothy71@example.net,2027
DrBillyMoore845,Dr Billy Moore,anorth@example.net,2026
DrJemmaBooth794,Dr Jemma Booth,xwinter@example.net,2027
JeremyJackson151,Jeremy Jackson,jrogers@example.net,2026
MrJoshuaWaters263,Mr Joshua Waters,proberts@example.net,2023
DrJacobWood717,Dr Jacob Wood,shanewright@example.net,2026
MissCharlotteRyan783,Miss Charlotte Ryan,chambersjoyce@example.org,2025
MrsPamelaCooper730,Mrs Pamela Cooper,fostertrevor@example.net,2024
RichardYoung470,Richard Young,simpsonsam@example.net,2024
CameronKing829,Cameron King,leonardmolly@example.net,2025
SianLord686,Sian Lord,marie19@example.net,2026
MargaretHiggins885,Margaret Higgins,lucypatel@example.net,2025
SusanClements521,Susan Clements,gcollins@example.net,2024
AntonyHowell263,Antony Howell,alanpalmer@example.com,2023
CarlyClarke413,Carly Clarke,irenethompson@example.org,2025
EricWilliams807,Eric Williams,yconnor@example.com,2022
MrConorSaunders445,Mr Conor Saunders,roy73@example.net,2023
ElizabethHughes548,Elizabeth Hughes,lorraineberry@example.com,2022
VincentTurner573,Vincent Turner,csaunders@example.net,2024
BrianFrancis802,Brian Francis,nevans@example.org,2027
MrsAshleighHiggins180,Mrs Ashleigh Higgins,joshdavis@example.net,2026
DrDylanHolland380,Dr Dylan Holland,cheryl14@example.org,2025
LynneWilliams734,Lynne Williams,gordonsmith@example.com,2026
MrsGeraldineBond330,Mrs Geraldine Bond,tgordon@example.com,2022
MrDenisCooper379,Mr Denis Cooper,olivia80@example.com,2027
JoelAnderson-Payne764,Joel Anderson-Payne,hewittlesley@example.net,2024
CarolynBates-Murray263,Carolyn Bates-Murray,rachaelpalmer@example.com,2027
DrLeonBarton977,Dr Leon Barton,kieran56@example.org,2023
ShirleyTaylor117,Shirley Taylor,dawn25@example.org,2023
DuncanHill356,Duncan Hill,kpage@example.net,2027
StuartWright155,Stuart Wright,twhite@example.net,2025
LynneBarber766,Lynne Barber,joelwood@example.net,2026
HenrySaunders345,Henry Saunders,joshua63@example.net,2022
GeorginaWalker241,Georgina Walker,rosekim@example.org,2026
DianeBarlow157,Diane Barlow,charles09@example.net,2027
SimonPearson381,Simon Pearson,steven01@example.net,2023
RosieGreen919,Rosie Green,fwaters@example.net,2024
MrMartinMcCarthy111,Mr Martin McCarthy,leononeill@example.org,2024
LiamRichards-Jones594,Liam Richards-Jones,lawrencepauline@example.net,2023
RobertShaw969,Robert Shaw,thompsonjake@example.org,2022
MrsClareHammond487,Mrs Clare Hammond,annettesummers@example.net,2026
CherylParsons738,Cheryl Parsons,craignicole@example.net,2027
MsGeorgiaAbbott337,Ms Georgia Abbott,kirstywilliams@example.com,2023
MsAnnRobinson405,Ms Ann Robinson,barlowtrevor@example.net,2023
LouiseAnderson359,Louise Anderson,aperkins@example.net,2024
DamianTucker-Bailey563,Damian Tucker-Bailey,xwells@example.net,2025
HeatherMartin401,Heather Martin,stevensmegan@example.net,2026
AmeliaPatel979,Amelia Patel,ahmedleslie@example.net,2026
MsKatieWood218,Ms Katie Wood,summerscarl@example.org,2022
LynnWalker919,Lynn Walker,lewisscott@example.org,2023
ElizabethThorpe579,Elizabeth Thorpe,clare14@example.com,2024
JayneWilson539,Jayne Wilson,gardnernicole@example.net,2024
TimothyGreen940,Timothy Green,jonesoliver@example.com,2027
BarbaraGreen526,Barbara Green,nicholas98@example.org,2023
CraigButler236,Craig Butler,wrighteileen@example.com,2027
MissMollyWalker933,Miss Molly Walker,denis02@example.org,2024
DrYvonneYoung335,Dr Yvonne Young,jevans@example.org,2023
GeorginaLee668,Georgina Lee,carlward@example.net,2024
LeslieClarke871,Leslie Clarke,wayne16@example.net,2024
GraceHale984,Grace Hale,fisherdonald@example.com,2024
VictorMorris747,Victor Morris,amyhill@example.net,2022
SamuelCooke295,Samuel Cooke,douglas51@example.net,2025
DrNathanHart184,Dr Nathan Hart,ldavison@example.net,2025
DorothyLawson696,Dorothy Lawson,aaronferguson@example.com,2027
OliverSheppard-Whitehead279,Oliver Sheppard-Whitehead,antonybanks@example.net,2023
AmyOsborne179,Amy Osborne,sian71@example.org,2026
StewartHolden542,Stewart Holden,samuelmann@example.org,2024
BryanPrice573,Bryan Price,ypope@example.org,2026
GavinWillis451,Gavin Willis,matthewslynne@example.net,2023
DrChristineAtkins474,Dr Christine Atkins,cunninghamwilliam@example.com,2024
ClareJackson504,Clare Jackson,harrisongregory@example.net,2022
RosemaryWillis814,Rosemary Willis,joannedunn@example.org,2022
DamianMarsh-Ford117,Damian Marsh-Ford,rosietaylor@example.com,2024
KevinWilkins336,Kevin Wilkins,nigeldavison@example.net,2024
StewartReed-Wheeler867,Stewart Reed-Wheeler,jemmajones@example.org,2024
MatthewFry338,Matthew Fry,leebrown@example.org,2023
GailThomas790,Gail Thomas,naomishaw@example.org,2024
JoshuaPollard470,Joshua Pollard,amy22@example.com,2022
JulianDoherty321,Julian Doherty,potterhollie@example.com,2022
DrGeorgeWilson911,Dr George Wilson,oliverkaty@example.org,2024
KimBowen879,Kim Bowen,mollyarmstrong@example.com,2024
MrJonathanKay805,Mr Jonathan Kay,wsanderson@example.org,2022
JudithBerry-Bennett257,Judith Berry-Bennett,thomassean@example.org,2023
JenniferQuinn895,Jennifer Quinn,francishobbs@example.org,2024
MsJayneBrown659,Ms Jayne Brown,marcarcher@example.com,2025
ClareHall388,Clare Hall,townsendjennifer@example.org,2024
CraigBarnes410,Craig Barnes,ashley56@example.com,2027
MrsMaryHartley872,Mrs Mary Hartley,jemma34@example.org,2025
HenryWilliamson980,Henry Williamson,leefuller@example.org,2026
JadeHolt-Ashton306,Jade Holt-Ashton,jkay@example.org,2027
JodieDuffy973,Jodie Duffy,normansmith@example.com,2026
DeclanWilliams859,Declan Williams,ericanderson@example.com,2025
MartynKelly721,Martyn Kelly,mdavidson@example.net,2021
JeffreyO'Sullivan-Dale205,Jeffrey O'Sullivan-Dale,deborah52@example.com,2027
StevenRowley-Douglas741,Steven Rowley-Douglas,bethsmith@example.com,2025
EricBurgess779,Eric Burgess,bhewitt@example.com,2022
MsRosemaryNorman690,Ms Rosemary Norman,lstevens@example.com,2027
MissCatherineStewart342,Miss Catherine Stewart,grace71@example.org,2022
DrMollyWhite216,Dr Molly White,susancollins@example.org,2023
SophieSmith263,Sophie Smith,glenthompson@example.com,2024
GlennAllen259,Glenn Allen,blackvincent@example.com,2023
BernardPugh770,Bernard Pugh,harriet33@example.net,2023
PaulineJohnson475,Pauline Johnson,wilsonannette@example.com,2024
MaxSmith734,Max Smith,ryankirk@example.net,2024
MrElliotWarner704,Mr Elliot Warner,uhart@example.com,2025
DrRickySmith757,Dr Ricky Smith,christiancook@example.com,2025
RoyFleming675,Roy Fleming,lindamoore@example.org,2022
RobinSmith313,Robin Smith,lloydnicola@example.net,2025
MsSophieLloyd335,Ms Sophie Lloyd,taylormohamed@example.org,2023
MrStuartMoore834,Mr Stuart Moore,uhunt@example.org,2027
LyndaRose430,Lynda Rose,knowlesalice@example.org,2024
MsCarlyAllen206,Ms Carly Allen,cwhitehead@example.org,2025
FrancesWilliams993,Frances Williams,zoewright@example.org,2026
JasmineKirby790,Jasmine Kirby,mlewis@example.net,2026
PaulaNicholson451,Paula Nicholson,christine24@example.com,2021
DrMohammedCollins215,Dr Mohammed Collins,nicholas34@example.org,2025
FrankHicks768,Frank Hicks,celliott@example.org,2025
CliffordTaylor878,Clifford Taylor,brownphilip@example.net,2025
BruceMills887,Bruce Mills,dean35@example.net,2026
DrDennisDuffy472,Dr Dennis Duffy,hollandmitchell@example.org,2024
SaraBarton995,Sara Barton,bethany60@example.org,2026
KarenSlater993,Karen Slater,jsmith@example.net,2026
DrLewisBuckley948,Dr Lewis Buckley,waltonmarion@example.net,2022
DanielBrown663,Daniel Brown,kenneth94@example.net,2025
GeraldineBaxter898,Geraldine Baxter,yingram@example.org,2026
VictorKelly459,Victor Kelly,fgardner@example.com,2023
RosemaryGilbert183,Rosemary Gilbert,clive23@example.net,2027
EmilyPotter-Bradshaw475,Emily Potter-Bradshaw,diane59@example.org,2027
WendyWard371,Wendy Ward,megan27@example.com,2024
MrsMandyLloyd650,Mrs Mandy Lloyd,treid@example.com,2023
DrJoelThompson593,Dr Joel Thompson,yhill@example.net,2023
EmilyLloyd284,Emily Lloyd,barnettleanne@example.net,2023
GrahamKhan674,Graham Khan,bparkes@example.net,2022
PaulMurphy193,Paul Murphy,kingphillip@example.net,2026
BarbaraPerry385,Barbara Perry,williamsmax@example.net,2027
MalcolmWhitehouse135,Malcolm Whitehouse,aaronmatthews@example.net,2026
GraemeJames-Ward675,Graeme James-Ward,hewittgraham@example.com,2025
BruceRoberts166,Bruce Roberts,abbie30@example.net,2026
JanePeters961,Jane Peters,simpsoneric@example.org,2025
GeorgiaFrancis952,Georgia Francis,singhtracey@example.net,2027
MartinMorgan699,Martin Morgan,dawsonrosie@example.net,2025
MissAnnEdwards493,Miss Ann Edwards,katyperkins@example.org,2024
AlanYates240,Alan Yates,amberharvey@example.com,2026
ClareTaylor427,Clare Taylor,jmoran@example.net,2026
DebraMitchell542,Debra Mitchell,frederickhardy@example.net,2025
HannahRahman538,Hannah Rahman,clareclark@example.org,2026
GlennWilliams529,Glenn Williams,suzanne14@example.net,2023
DrRyanScott779,Dr Ryan Scott,begumdiane@example.net,2026
SianBennett-Wood566,Sian Bennett-Wood,bcooper@example.net,2023
PaulWilkinson123,Paul Wilkinson,lawsonalexandra@example.net,2022
BrandonSmith752,Brandon Smith,elizabethmarshall@example.com,2025
MaryWilson131,Mary Wilson,farmerstewart@example.com,2026
JadeSmith499,Jade Smith,peacockgrace@example.com,2025
KennethBrown707,Kenneth Brown,ggregory@example.net,2025
BrianSmith-Thomson359,Brian Smith-Thomson,geoffrey34@example.net,2025
ColinButler574,Colin Butler,amelia68@example.com,2025
PaulaHorton349,Paula Horton,rsanderson@example.org,2026
DrKarenMoore606,Dr Karen Moore,rbibi@example.org,2025
ElliottRoberts-Cole469,Elliott Roberts-Cole,whitejoe@example.com,2026
BrandonLewis844,Brandon Lewis,claire89@example.com,2023
MrRoyLawson950,Mr Roy Lawson,jjohnson@example.net,2024
MollyCampbell778,Molly Campbell,jamesprice@example.org,2024
DonaldButler-Bailey478,Donald Butler-Bailey,kirstywilliams@example.net,2025
MissAnnAustin423,Miss Ann Austin,wlloyd@example.org,2027
YvonneGreen-Burton324,Yvonne Green-Burton,mahmoodgeorgina@example.net,2023
CallumHill-Walsh988,Callum Hill-Walsh,francescafox@example.net,2022
JayMiles639,Jay Miles,simonhughes@example.com,2024
TracyPorter984,Tracy Porter,eileen08@example.org,2026
MrKarlNorris383,Mr Karl Norris,molly84@example.org,2022
HarryCraig964,Harry Craig,ruthbowen@example.com,2023
CliffordHerbert-Simmons388,Clifford Herbert-Simmons,damiensmith@example.net,2023
LynneKing988,Lynne King,janet03@example.net,2026
AshleyPotts151,Ashley Potts,umistry@example.net,2024
DrHarrietGriffiths320,Dr Harriet Griffiths,brianporter@example.com,2025
MariaScott-Murphy851,Maria Scott-Murphy,pmistry@example.com,2023
CliveJones-Lees528,Clive Jones-Lees,stephanie84@example.org,2025
CarolynSmith589,Carolyn Smith,kathryncooper@example.org,2025
GeoffreyTaylor943,Geoffrey Taylor,damian24@example.net,2024
KatySmith-Shaw307,Katy Smith-Shaw,parryjodie@example.net,2024
MsSylviaLeach970,Ms Sylvia Leach,urose@example.org,2027
MsGeorgiaAnderson528,Ms Georgia Anderson,leewilliams@example.org,2026
DrJemmaHussain993,Dr Jemma Hussain,hannahbanks@example.org,2022
MsYvonneBruce517,Ms Yvonne Bruce,ywood@example.org,2027
JordanCooper272,Jordan Cooper,parkinsonkyle@example.net,2022
MrsKathleenOliver944,Mrs Kathleen Oliver,hughreed@example.net,2025
MissDianePatel445,Miss Diane Patel,holliechapman@example.net,2025
TomBurrows-Webster916,Tom Burrows-Webster,dale40@example.com,2023
MohammadSingh721,Mohammad Singh,littlemegan@example.org,2024
JackHodgson970,Jack Hodgson,alexandragardiner@example.net,2024
MrBradleyNorth221,Mr Bradley North,janetforster@example.org,2022
MrDominicYates804,Mr Dominic Yates,clarerice@example.net,2025
JuneBentley-Patel332,June Bentley-Patel,julie42@example.com,2025
DrMohamedReynolds278,Dr Mohamed Reynolds,amelialittle@example.com,2026
DrMalcolmJones760,Dr Malcolm Jones,omarsh@example.com,2027
DeclanRandall-Bennett570,Declan Randall-Bennett,alexander87@example.com,2025
AmandaWalker580,Amanda Walker,fiona18@example.com,2024
MsLynnHicks416,Ms Lynn Hicks,dixonbrenda@example.org,2022
JessicaMiller382,Jessica Miller,rpatel@example.com,2026
StaceyYoung615,Stacey Young,sbrown@example.org,2026
ScottAnderson264,Scott Anderson,mohamedbegum@example.org,2023
DorothyScott614,Dorothy Scott,susan76@example.net,2027
JanetStewart197,Janet Stewart,marilyn60@example.net,2023
DrElizabethClark697,Dr Elizabeth Clark,swright@example.net,2022
BethNicholson-Smith368,Beth Nicholson-Smith,jbrown@example.com,2024
EdwardCook230,Edward Cook,yglover@example.org,2025
JayBrown-Elliott565,Jay Brown-Elliott,marianmorgan@example.com,2026
NeilGrant-O'Connor260,Neil Grant-O'Connor,charrison@example.com,2027
HowardWilson903,Howard Wilson,alisoncooper@example.net,2025
ArthurRoberts547,Arthur Roberts,nichollsduncan@example.org,2023
MrDeanWhite432,Mr Dean White,amber18@example.org,2026
EdwardFord-Barnett954,Edward Ford-Barnett,alexandramoore@example.com,2026
SamanthaGraham938,Samantha Graham,barbara28@example.com,2022
MollyBrown627,Molly Brown,kieranwalsh@example.net,2024
DianePrice847,Diane Price,daviesann@example.net,2025
PaigeLong624,Paige Long,jthomas@example.org,2022
KateTurnbull182,Kate Turnbull,longconor@example.net,2023
MrLukeWood738,Mr Luke Wood,julia03@example.org,2026
KarenWalker115,Karen Walker,nwarner@example.org,2022
KatyBurke155,Katy Burke,kjones@example.com,2024
VincentBaker686,Vincent Baker,gbrown@example.org,2024
GuyClark260,Guy Clark,jacqueline83@example.org,2024
ScottFord-Gallagher131,Scott Ford-Gallagher,charlenebarnes@example.com,2025
AllanEvans103,Allan Evans,khanjason@example.net,2024
AlexFarrell508,Alex Farrell,kathryn86@example.net,2026
DenisWaters706,Denis Waters,tonyrobinson@example.org,2023
JordanDavis942,Jordan Davis,edwardpalmer@example.com,2023
ClareRichards766,Clare Richards,harperyvonne@example.com,2022
PaulFreeman936,Paul Freeman,qdaniels@example.org,2026
MrReeceWilliams253,Mr Reece Williams,boothmaria@example.com,2025
MeganTaylor215,Megan Taylor,hallbryan@example.net,2025
MrTerenceGray635,Mr Terence Gray,tuckeramelia@example.net,2023
DrGregorySmith915,Dr Gregory Smith,ronald45@example.com,2022
BenFoster927,Ben Foster,nclark@example.net,2023
StephanieLewis422,Stephanie Lewis,sykesshane@example.net,2024
BradleyCoates-Brown518,Bradley Coates-Brown,grahamroy@example.org,2022
KathrynBennett929,Kathryn Bennett,westonfrancesca@example.com,2023
AmberBurke450,Amber Burke,jonathan81@example.org,2024
MissBrendaHolmes267,Miss Brenda Holmes,joneslinda@example.net,2026
MaxThompson453,Max Thompson,andrewsaimee@example.net,2024
JosephineDean573,Josephine Dean,scott72@example.net,2025
JayneSpencer385,Jayne Spencer,khanben@example.org,2023
DrGlennRogers958,Dr Glenn Rogers,kerry68@example.com,2022
LeighSimpson607,Leigh Simpson,natalieholland@example.com,2023
AmandaJackson635,Amanda Jackson,sullivantrevor@example.com,2026
RoyManning371,Roy Manning,harperlindsey@example.net,2025
DrAllanMurray913,Dr Allan Murray,iclayton@example.com,2022
DrKieranHowarth138,Dr Kieran Howarth,greenabbie@example.org,2024
MissNicoleJames263,Miss Nicole James,agriffiths@example.org,2026
ChloeMann804,Chloe Mann,helenpatel@example.net,2026
GaryBrown-Higgins256,Gary Brown-Higgins,jonesalbert@example.net,2022
MrMathewMurphy677,Mr Mathew Murphy,mariaevans@example.org,2026
KimSkinner239,Kim Skinner,daviessteven@example.net,2023
StephenStone409,Stephen Stone,slittle@example.net,2026
AnthonyPearson707,Anthony Pearson,aclark@example.net,2027
MelissaJones894,Melissa Jones,huntgeraldine@example.net,2025
MaureenPatterson-Preston639,Maureen Patterson-Preston,dgodfrey@example.com,2023
LouisWalters580,Louis Walters,whitegillian@example.com,2024
MohammadFletcher290,Mohammad Fletcher,simpsonguy@example.org,2024
MrsJemmaTaylor629,Mrs Jemma Taylor,dianamarsh@example.org,2024
MissKatyWilliams418,Miss Katy Williams,groberts@example.com,2024
VanessaHarding677,Vanessa Harding,bernardbartlett@example.org,2025
KieranGraham389,Kieran Graham,george36@example.org,2024
AlexClark429,Alex Clark,thomasroberts@example.com,2023
LeahRobertson778,Leah Robertson,qobrien@example.net,2024
StephenBennett-Brooks200,Stephen Bennett-Brooks,rachael31@example.com,2026
DrStephanieArcher660,Dr Stephanie Archer,jamieharris@example.net,2026
AlexandraWilliams319,Alexandra Williams,rwilliams@example.org,2027
BruceHoward447,Bruce Howard,ameliaknight@example.net,2026
BryanSmith794,Bryan Smith,eleanormills@example.com,2023
StaceyHughes519,Stacey Hughes,kerrhollie@example.com,2024
AlexHardy206,Alex Hardy,owen38@example.com,2024
BethanHussain429,Bethan Hussain,ssaunders@example.com,2024
DrLyndaPatterson379,Dr Lynda Patterson,frances09@example.net,2026
EleanorAtkins915,Eleanor Atkins,sarah92@example.com,2022
JuneMurray-Hayes138,June Murray-Hayes,julianjones@example.com,2023
GraemeGill404,Graeme Gill,jodie65@example.net,2027
DrAbigailWatson478,Dr Abigail Watson,stewart76@example.org,2027
BenjaminGriffiths104,Benjamin Griffiths,coopermarian@example.net,2023
JenniferDay695,Jennifer Day,martinrichard@example.org,2024
JayneStevenson-Powell442,Jayne Stevenson-Powell,loweclaire@example.net,2027
DebraDawson449,Debra Dawson,dominic61@example.org,2024
ChristopherHoward641,Christopher Howard,twright@example.net,2022
RoyStephenson422,Roy Stephenson,taylorshane@example.org,2022
IainGibson488,Iain Gibson,junelaw@example.com,2027
NathanPhillips504,Nathan Phillips,gavinbaker@example.net,2022
MelissaRichards911,Melissa Richards,mathewwebb@example.net,2024
PatriciaWilson948,Patricia Wilson,chelsea35@example.org,2026
HollieCollins-Horton473,Hollie Collins-Horton,phillipjackson@example.net,2027
DrDaleParker845,Dr Dale Parker,qrichardson@example.org,2022
GordonDavies873,Gordon Davies,tmorris@example.org,2022
MitchellHancock870,Mitchell Hancock,jahmed@example.net,2022
DarrenWest902,Darren West,ben92@example.net,2026
RaymondRobinson215,Raymond Robinson,joannecarter@example.org,2026
CliveSmith639,Clive Smith,elliotmason@example.com,2022
DrStewartFord239,Dr Stewart Ford,richardsbilly@example.net,2026
JamieReeves329,Jamie Reeves,thomasshepherd@example.org,2025
LorraineHill-Harvey306,Lorraine Hill-Harvey,murraydonald@example.org,2022
MaryStephens745,Mary Stephens,jeffreyholland@example.com,2025
KarenGordon902,Karen Gordon,karl44@example.com,2023
MrGerardGeorge441,Mr Gerard George,abell@example.org,2023
DrTeresaLawrence386,Dr Teresa Lawrence,vrose@example.net,2026
AngelaWard-Gibson403,Angela Ward-Gibson,sean31@example.com,2025
MrsBrendaWalsh973,Mrs Brenda Walsh,rossporter@example.org,2024
DuncanEdwards-Patterson292,Duncan Edwards-Patterson,sianbarker@example.org,2022
MrsSusanWright507,Mrs Susan Wright,harrisonemma@example.org,2027
NathanCarter201,Nathan Carter,brian64@example.net,2024
MissDanielleCollier864,Miss Danielle Collier,hartrichard@example.org,2025
DianeGardner956,Diane Gardner,wongmegan@example.net,2023
GeraldBird-Knight112,Gerald Bird-Knight,kirstybarlow@example.net,2023
AmandaBurton889,Amanda Burton,gjackson@example.net,2023
DamianPrice569,Damian Price,byrnedawn@example.net,2026
LouiseAllen-Doyle896,Louise Allen-Doyle,millshollie@example.net,2027
MelanieBaker594,Melanie Baker,lukebrookes@example.org,2024
SusanTaylor355,Susan Taylor,kate77@example.com,2027
MarionSutton612,Marion Sutton,daviesmarcus@example.net,2025
TobyWalton696,Toby Walton,leehugh@example.net,2023
CarolCampbell845,Carol Campbell,jessicasingh@example.org,2023
MichaelMoss514,Michael Moss,vincenthooper@example.com,2026
ElliotGraham-May700,Elliot Graham-May,andersonjoel@example.com,2024
DarrenCollins-Wilson232,Darren Collins-Wilson,perrydenis@example.net,2027
GlenWilson-Dixon535,Glen Wilson-Dixon,pricebrandon@example.org,2025
BernardHarris809,Bernard Harris,wrightdenis@example.org,2026
JennaDawson-Watkins846,Jenna Dawson-Watkins,perryronald@example.org,2024
BradleyFord-Houghton162,Bradley Ford-Houghton,teresathomson@example.net,2024
JuliaBrown495,Julia Brown,patriciahowarth@example.org,2026
EmilyBarrett689,Emily Barrett,clarkabbie@example.com,2023
AliceWilkinson843,Alice Wilkinson,kim53@example.net,2024
JamieWilkinson-Howells626,Jamie Wilkinson-Howells,pwhitehead@example.org,2026
JaniceSpencer563,Janice Spencer,ricecarly@example.net,2027
ConorHodgson516,Conor Hodgson,max17@example.com,2023
DrHughGreen518,Dr Hugh Green,thompsoncharles@example.com,2026
StephenWalters847,Stephen Walters,lyndarussell@example.net,2026
ChristianBriggs-White692,Christian Briggs-White,lydia26@example.com,2026
DrDanielWilliams171,Dr Daniel Williams,owenkaren@example.org,2022
AshleyCooke791,Ashley Cooke,staceybailey@example.org,2024
AaronLynch185,Aaron Lynch,tobyedwards@example.net,2025
TobyStephens144,Toby Stephens,rosemary82@example.net,2026
JadeCollins-Harrison162,Jade Collins-Harrison,alexanderwheeler@example.com,2022
DrJackMiles154,Dr Jack Miles,louisesmith@example.org,2023
GillianWilliams-Jordan467,Gillian Williams-Jordan,berryhenry@example.net,2025
DrDenisKirk419,Dr Denis Kirk,wilsonclive@example.org,2025
KatieWilliams-Jackson226,Katie Williams-Jackson,howellmarilyn@example.com,2022
EmilyGray498,Emily Gray,kayleighgraham@example.com,2022
LaurenGreen877,Lauren Green,damianherbert@example.com,2024
MsBethCole689,Ms Beth Cole,ygray@example.net,2026
MsJulieJones242,Ms Julie Jones,maxjarvis@example.net,2025
DrDaleEdwards959,Dr Dale Edwards,yelliott@example.com,2025
VictorRoss375,Victor Ross,jasonbanks@example.net,2025
CliffordLewis529,Clifford Lewis,houghtonleigh@example.com,2024
DrMarianBarrett283,Dr Marian Barrett,ubailey@example.com,2025
MollyHolland483,Molly Holland,fjones@example.net,2024
LisaMartin301,Lisa Martin,rwatkins@example.net,2025
MauriceMartin-Wilson594,Maurice Martin-Wilson,krobinson@example.org,2025
LawrenceHudson901,Lawrence Hudson,stacey61@example.org,2023
MrBenBrown150,Mr Ben Brown,john88@example.org,2025
DrRoyPearson627,Dr Roy Pearson,jasonclarke@example.net,2025
CatherineFox860,Catherine Fox,ashley36@example.net,2025
MrChristianGray535,Mr Christian Gray,jonesstephen@example.com,2024
NormanJohn484,Norman John,melanie47@example.net,2025
KayleighHussain383,Kayleigh Hussain,udale@example.net,2021
RachelMorris289,Rachel Morris,karen28@example.org,2027
MrGlenWright819,Mr Glen Wright,holmesnicole@example.com,2025
SophiePearce593,Sophie Pearce,claytonbilly@example.org,2026
DrIainDavies919,Dr Iain Davies,rosielewis@example.net,2025
MichaelRussell467,Michael Russell,bullbryan@example.com,2022
MissTracyRyan233,Miss Tracy Ryan,trose@example.org,2021
MartynWaters-Hutchinson660,Martyn Waters-Hutchinson,gouldcaroline@example.org,2025
GlennGoddard517,Glenn Goddard,qstevenson@example.net,2024
GregoryHughes626,Gregory Hughes,garethbarton@example.com,2022
DrVincentMarsden803,Dr Vincent Marsden,patelelizabeth@example.com,2027
DrLeslieWheeler620,Dr Leslie Wheeler,gerard38@example.com,2026
RachelShaw508,Rachel Shaw,jacksonbrandon@example.org,2026
ElizabethArmstrong597,Elizabeth Armstrong,mollyrichardson@example.org,2026
RaymondHolloway-Clark176,Raymond Holloway-Clark,alexbarrett@example.net,2027
KatyCooper492,Katy Cooper,redwards@example.org,2026
GillianTalbot-Davies282,Gillian Talbot-Davies,owen55@example.net,2023
KennethTaylor-Hargreaves747,Kenneth Taylor-Hargreaves,georginahope@example.com,2027
MrsGraceHunt506,Mrs Grace Hunt,cherylbrown@example.net,2022
NatashaPage603,Natasha Page,mohammed09@example.org,2022
MrCliveSmith130,Mr Clive Smith,fbaxter@example.net,2026
DrVincentByrne431,Dr Vincent Byrne,williamherbert@example.com,2023
MsMargaretFrost609,Ms Margaret Frost,sophiedavies@example.com,2024
MaxYoung475,Max Young,erichughes@example.com,2023
JayneHall-O'Connor944,Jayne Hall-O'Connor,alex77@example.org,2023
StevenThomas887,Steven Thomas,awilliams@example.org,2026
ChelseaParsons498,Chelsea Parsons,qbell@example.com,2022
MrAndrewWebb835,Mr Andrew Webb,davisdouglas@example.net,2024
RhysPrice-Kelly574,Rhys Price-Kelly,brenda92@example.com,2022
GeorgeHarrison970,George Harrison,csimmons@example.net,2026
JudithSmith703,Judith Smith,karen76@example.com,2024
DrPaulSimpson668,Dr Paul Simpson,kathleen61@example.com,2024
CarolineWright293,Caroline Wright,morrisonmarian@example.com,2025
CharlieWaters325,Charlie Waters,wakhtar@example.net,2024
RachaelFarmer-Harris248,Rachael Farmer-Harris,shane15@example.org,2023
LouiseCarpenter488,Louise Carpenter,bvincent@example.org,2022
MsAlexandraBell287,Ms Alexandra Bell,maureen61@example.org,2026
CherylCooper791,Cheryl Cooper,nelsonmarcus@example.com,2022
MrDominicO'Neill563,Mr Dominic O'Neill,shanecox@example.com,2022
MsAbigailHart325,Ms Abigail Hart,lawrence10@example.com,2022
LynneSingh-Jennings333,Lynne Singh-Jennings,lesley47@example.net,2025
MrsAmyHall693,Mrs Amy Hall,mwhite@example.net,2024
MsNicolaRichards336,Ms Nicola Richards,rebeccaholden@example.org,2025
VanessaMorgan707,Vanessa Morgan,lesliehoward@example.com,2023
ChelseaWhitehead282,Chelsea Whitehead,williamsjeremy@example.org,2022
GlenMitchell728,Glen Mitchell,graytimothy@example.net,2026
BernardQuinn324,Bernard Quinn,damienjones@example.net,2026
ShirleyHart293,Shirley Hart,catherineharvey@example.org,2024
KirstyWade850,Kirsty Wade,joshua87@example.org,2023
LydiaFreeman-Cook133,Lydia Freeman-Cook,paigewallis@example.net,2027
JenniferJohnson233,Jennifer Johnson,carl41@example.com,2026
DrSallyDavey746,Dr Sally Davey,rossmaria@example.net,2023
SharonGreen-Wallace870,Sharon Green-Wallace,whale@example.com,2025
CharliePrice521,Charlie Price,tgraham@example.net,2022
MsSaraCook497,Ms Sara Cook,julie87@example.com,2027
DrChelseaGodfrey870,Dr Chelsea Godfrey,ameliaroberts@example.com,2027
MitchellMiah240,Mitchell Miah,teresa08@example.org,2022
LiamPearson103,Liam Pearson,evansjemma@example.org,2024
DrZoeRoberts368,Dr Zoe Roberts,cooperrobert@example.net,2023
MitchellEdwards117,Mitchell Edwards,gjohnson@example.org,2024
DennisClarke954,Dennis Clarke,owilliams@example.net,2023
TinaWatson449,Tina Watson,bakerlucy@example.net,2027
DrGarryBryan538,Dr Garry Bryan,daviesryan@example.org,2025
CameronTurner141,Cameron Turner,gibsongordon@example.org,2025
ThomasField340,Thomas Field,harrisonjoyce@example.org,2026
SophieHilton772,Sophie Hilton,jonescarole@example.org,2022
DeclanGardner852,Declan Gardner,xkaur@example.net,2023
NaomiRees215,Naomi Rees,christinekelly@example.com,2026
RitaOwen513,Rita Owen,hugheskyle@example.org,2026
AdrianO'Brien-Jackson773,Adrian O'Brien-Jackson,dominic61@example.net,2027
AmyWoodward644,Amy Woodward,george83@example.com,2025
PatriciaJones662,Patricia Jones,lindayoung@example.org,2024
JillRobinson425,Jill Robinson,whunt@example.com,2022
MollyCox841,Molly Cox,peter39@example.org,2026
MrStephenLewis891,Mr Stephen Lewis,barry69@example.net,2022
KerryDuffy918,Kerry Duffy,russell99@example.com,2026
MelissaWatkins537,Melissa Watkins,coxcharlotte@example.net,2025
AndreaBooth-Johnston413,Andrea Booth-Johnston,halldale@example.com,2025
KateEdwards530,Kate Edwards,ehussain@example.com,2025
MrsMeganGordon564,Mrs Megan Gordon,brooksirene@example.com,2024
JosephPerkins619,Joseph Perkins,shirley83@example.org,2026
DrSamuelHolmes660,Dr Samuel Holmes,pharper@example.net,2024
LeslieCollins689,Leslie Collins,vincent11@example.net,2024
MrLeslieWhite844,Mr Leslie White,bconnolly@example.org,2022
BryanBryant-Swift181,Bryan Bryant-Swift,inaylor@example.org,2024
GlennHopkins574,Glenn Hopkins,carol51@example.net,2022
DylanDixon298,Dylan Dixon,shirleysmith@example.net,2022
JuliaLane514,Julia Lane,callumgreen@example.net,2025
KeithHarris421,Keith Harris,ocoates@example.com,2024
MsOliviaReynolds368,Ms Olivia Reynolds,griffinbethan@example.net,2025
ElliottEvans407,Elliott Evans,gail86@example.net,2024
RosemaryCollins798,Rosemary Collins,yatespauline@example.com,2024
AdamPrice-Wilkinson354,Adam Price-Wilkinson,wcarter@example.org,2024
DeclanWood990,Declan Wood,charlene86@example.net,2026
HughLowe814,Hugh Lowe,charliewebb@example.org,2022
DrGordonWade662,Dr Gordon Wade,yfaulkner@example.net,2024
MarieBrown134,Marie Brown,shawlisa@example.org,2026
MsAmeliaWalton645,Ms Amelia Walton,greenjemma@example.com,2026
VincentMurphy607,Vincent Murphy,gordon79@example.com,2025
MrBradleyTodd846,Mr Bradley Todd,wrightsara@example.org,2026
WilliamJones914,William Jones,graham17@example.net,2023
NathanChadwick554,Nathan Chadwick,terenceknowles@example.com,2025
MrsKimMatthews752,Mrs Kim Matthews,diana12@example.net,2025
ConnorBird529,Connor Bird,clarkeandrea@example.org,2022
JoannaGoodwin653,Joanna Goodwin,matthewslucy@example.org,2023
SeanSmith-Allen707,Sean Smith-Allen,annette98@example.com,2022
JoelPratt504,Joel Pratt,gardnergillian@example.com,2027
DrSandraDavies905,Dr Sandra Davies,brayelaine@example.org,2022
KayleighJohnson-Ali678,Kayleigh Johnson-Ali,oliverpauline@example.org,2023
DrDanielNewton254,Dr Daniel Newton,thewitt@example.com,2027
DrSamWatkins189,Dr Sam Watkins,whitetrevor@example.com,2023
TerenceWhittaker816,Terence Whittaker,smithlisa@example.com,2027
ChristianWright739,Christian Wright,brownmargaret@example.org,2024
MollyO'Brien327,Molly O'Brien,hazelwyatt@example.org,2024
LindaWright484,Linda Wright,finchcheryl@example.net,2027
DebraBrowne667,Debra Browne,carterpamela@example.org,2022
MrsJuneRobertson696,Mrs June Robertson,victoria53@example.com,2023
AngelaBailey681,Angela Bailey,bwells@example.org,2027
PaigeBall155,Paige Ball,uevans@example.org,2023
DrChristineDunn932,Dr Christine Dunn,paulaford@example.net,2027
KarlCooper-James365,Karl Cooper-James,yhart@example.com,2025
DrMollyMorris472,Dr Molly Morris,upugh@example.com,2022
BrandonMorgan-Humphries825,Brandon Morgan-Humphries,jill26@example.com,2022
DrRossWilliams924,Dr Ross Williams,hannah60@example.com,2022
LisaNicholson268,Lisa Nicholson,mohamed49@example.org,2025
RobertHarding831,Robert Harding,carolynwalsh@example.net,2024
DrEricMarshall373,Dr Eric Marshall,christopherturner@example.org,2026
LukeGeorge-Andrews592,Luke George-Andrews,diana63@example.org,2021
DrEdwardSanders715,Dr Edward Sanders,karenbrown@example.net,2022
DrEricGriffiths517,Dr Eric Griffiths,herbertroy@example.com,2026
FionaDean961,Fiona Dean,charles92@example.org,2025
NicholasPayne132,Nicholas Payne,anthonyoneill@example.com,2022
RitaEdwards619,Rita Edwards,cjones@example.net,2026
AliceTaylor501,Alice Taylor,jbowen@example.net,2027
DrMohammedGarner461,Dr Mohammed Garner,rhussain@example.net,2023
DrLaurenRyan859,Dr Lauren Ryan,hlyons@example.org,2023
DrElaineShaw587,Dr Elaine Shaw,fbarber@example.org,2021
HelenPearce-Fuller523,Helen Pearce-Fuller,vanessa88@example.org,2026
ShaneHawkins408,Shane Hawkins,turnerkieran@example.net,2023
MissAlisonDixon815,Miss Alison Dixon,rowleyjenna@example.net,2023
DonnaWright259,Donna Wright,xturner@example.com,2024
MrsFrancescaHart309,Mrs Francesca Hart,carrolljoan@example.org,2025
GordonWyatt578,Gordon Wyatt,karl38@example.net,2027
RhysWhite600,Rhys White,fisherclifford@example.net,2025
MarionKnowles693,Marion Knowles,adrianfarmer@example.org,2022
ShannonMcDonald462,Shannon McDonald,danielsclifford@example.net,2024
RossSpencer-Carpenter474,Ross Spencer-Carpenter,wlord@example.com,2023
CliffordQuinn775,Clifford Quinn,sean99@example.org,2025
DrBrianSchofield225,Dr Brian Schofield,dsmith@example.org,2022
BruceSullivan696,Bruce Sullivan,mlees@example.org,2026
JemmaMcDonald829,Jemma McDonald,rhyscox@example.net,2022
MrGlenDixon681,Mr Glen Dixon,vmorgan@example.net,2024
MissKarenWhite848,Miss Karen White,margaret13@example.net,2022
DrCallumWells898,Dr Callum Wells,gmann@example.org,2023
LyndaThomas121,Lynda Thomas,marion29@example.com,2022
DebraLong127,Debra Long,sarahcooper@example.org,2024
MissAimeeBrown611,Miss Aimee Brown,sianbooth@example.com,2023
ZoeFrost376,Zoe Frost,lynnelyons@example.com,2023
HayleyTurner-Tyler939,Hayley Turner-Tyler,bernardpotter@example.org,2024
JeremyJones368,Jeremy Jones,jacquelineyoung@example.net,2023
MrsAliceHarris721,Mrs Alice Harris,martynwilliams@example.net,2022
DeniseWalsh430,Denise Walsh,pbates@example.net,2024
DrTonyJones510,Dr Tony Jones,dprice@example.com,2026
BethanyWest638,Bethany West,ebaker@example.org,2025
PamelaMarshall412,Pamela Marshall,barrysmith@example.com,2026
BryanHerbert-Carter562,Bryan Herbert-Carter,whiterachael@example.net,2026
MauriceWoods-Walton983,Maurice Woods-Walton,charlene67@example.org,2023
MrMitchellWarner196,Mr Mitchell Warner,dylancooke@example.net,2022
VanessaBrookes249,Vanessa Brookes,amy53@example.com,2027
ClaireLewis219,Claire Lewis,hallmartin@example.net,2025
MatthewHopkins767,Matthew Hopkins,gemma73@example.com,2025
GeorgiaRichards737,Georgia Richards,sara28@example.net,2022
DrStuartArmstrong601,Dr Stuart Armstrong,callumsanderson@example.org,2025
EileenGreen468,Eileen Green,robinsonhilary@example.org,2026
MrFrankLee731,Mr Frank Lee,elliottscott@example.org,2027
KevinPatterson341,Kevin Patterson,karl42@example.org,2024
JaniceAndrews966,Janice Andrews,dennis17@example.com,2023
VincentWest-Hall810,Vincent West-Hall,bwilliams@example.org,2022
RussellMitchell726,Russell Mitchell,samuelholloway@example.com,2023
HannahPreston860,Hannah Preston,quinnsally@example.net,2023
MissDanielleStephenson761,Miss Danielle Stephenson,geraldineharris@example.org,2026
MsCarlyGiles209,Ms Carly Giles,williamsaimee@example.net,2025
IanCook117,Ian Cook,wjones@example.net,2026
MrPhilipDyer695,Mr Philip Dyer,stephaniehiggins@example.net,2022
JoeFlynn133,Joe Flynn,mdoherty@example.net,2026
MrsHilaryFowler889,Mrs Hilary Fowler,anna50@example.com,2026
DrGillianWilliams233,Dr Gillian Williams,fgreen@example.net,2024
JosephSimpson953,Joseph Simpson,diane59@example.org,2024
JulianCollins373,Julian Collins,marcusdavis@example.org,2025
TrevorMarshall960,Trevor Marshall,igrant@example.net,2024
DarrenJones-Dunn294,Darren Jones-Dunn,jmorris@example.org,2022
KayleighMorgan288,Kayleigh Morgan,barry37@example.com,2024
JulieJohnson909,Julie Johnson,wilsonlawrence@example.net,2025
AndrewGlover284,Andrew Glover,xnixon@example.net,2027
MrsLaurenMoss224,Mrs Lauren Moss,thomasconor@example.net,2027
ClareRichardson525,Clare Richardson,fbrown@example.org,2027
DrConorEdwards662,Dr Conor Edwards,rosevalerie@example.com,2025
DrElliottSavage961,Dr Elliott Savage,clarkmarie@example.org,2024
DrDylanBarton920,Dr Dylan Barton,awalters@example.com,2024
GordonAnderson572,Gordon Anderson,shannon11@example.com,2023
MrBillyHayward418,Mr Billy Hayward,ymartin@example.org,2026
DerekWhite428,Derek White,moorejasmine@example.com,2022
MrsOliviaClark927,Mrs Olivia Clark,ellisbradley@example.org,2025
NathanFoster215,Nathan Foster,joneskathleen@example.com,2024
MaureenLowe151,Maureen Lowe,matthew42@example.net,2026
CharlieLewis337,Charlie Lewis,vskinner@example.net,2022
KatherineWarren949,Katherine Warren,daviesmaria@example.com,2024
MissDeborahCartwright584,Miss Deborah Cartwright,dianelewis@example.com,2022
MrsCatherineSmith992,Mrs Catherine Smith,pauline24@example.org,2027
EmilyJarvis809,Emily Jarvis,keithjones@example.org,2026
BernardHill617,Bernard Hill,tparsons@example.com,2024
HenryGardner747,Henry Gardner,donald40@example.com,2024
RoyCarr112,Roy Carr,wilsonann@example.org,2024
AbdulBailey444,Abdul Bailey,yoliver@example.net,2027
MissLynneSmith641,Miss Lynne Smith,stewart63@example.com,2026
AnthonyPalmer-Clarke624,Anthony Palmer-Clarke,ronald01@example.com,2027
AmyHall419,Amy Hall,randallpaul@example.com,2024
MohammedO'Neill715,Mohammed O'Neill,millerolivia@example.org,2022
BrendaPalmer750,Brenda Palmer,glenbutler@example.com,2025
RossKaur806,Ross Kaur,qhughes@example.com,2025
DrNigelShaw174,Dr Nigel Shaw,brett51@example.net,2023
HowardTaylor165,Howard Taylor,robertssharon@example.net,2022
SuzanneWebster108,Suzanne Webster,griffindonald@example.net,2022
HughHudson156,Hugh Hudson,harrisantony@example.org,2023
MissAlexandraMorgan535,Miss Alexandra Morgan,eali@example.net,2025
StephanieWall162,Stephanie Wall,jenningshollie@example.net,2022
KellySheppard422,Kelly Sheppard,samantha12@example.org,2026
LeslieFraser706,Leslie Fraser,hheath@example.net,2023
AbigailBarnes663,Abigail Barnes,heatherhicks@example.org,2023
MrsRebeccaMiles422,Mrs Rebecca Miles,williamskelly@example.net,2023
MrJamieTucker606,Mr Jamie Tucker,hughesjill@example.org,2023
BarbaraMurphy461,Barbara Murphy,jacqueline30@example.com,2024
MrSeanWilkinson388,Mr Sean Wilkinson,jacqueline45@example.net,2025
CliveHall379,Clive Hall,brownbryan@example.net,2026
JosephineHall871,Josephine Hall,grahamstewart@example.org,2022
MrConnorSteele186,Mr Connor Steele,tuckergeoffrey@example.com,2026
MelaniePorter769,Melanie Porter,kirkrachel@example.com,2026
RonaldHarris562,Ronald Harris,terence91@example.net,2022
MarcusStorey576,Marcus Storey,zdixon@example.org,2022
CharlesCook232,Charles Cook,oliviaholland@example.net,2027
JuneBegum506,June Begum,ballmark@example.org,2026
BarryNorman163,Barry Norman,kevin99@example.org,2025
DrJasonShaw926,Dr Jason Shaw,kevincurtis@example.org,2022
HeatherMoore425,Heather Moore,wardrebecca@example.com,2024
RoyColes-Watts202,Roy Coles-Watts,yhanson@example.org,2026
JennaByrne733,Jenna Byrne,xbennett@example.com,2024
DannyTurner637,Danny Turner,frank44@example.org,2024
MsMariaLamb285,Ms Maria Lamb,ameliaford@example.org,2024
SamMitchell135,Sam Mitchell,brooksjames@example.net,2026
JoelCarter922,Joel Carter,williamsjamie@example.org,2025
DawnFarmer219,Dawn Farmer,northcarly@example.net,2022
IreneGilbert638,Irene Gilbert,gsmith@example.net,2025
CallumHill431,Callum Hill,slaterterence@example.net,2025
KevinRice198,Kevin Rice,kathleenstone@example.org,2023
MrRyanPalmer699,Mr Ryan Palmer,megan43@example.net,2025
MarkParry587,Mark Parry,huntedward@example.com,2022
KatieGill-Bradley471,Katie Gill-Bradley,rbrown@example.com,2024
OwenHarris-George822,Owen Harris-George,turnerkim@example.com,2023
AaronOliver-Johnson163,Aaron Oliver-Johnson,shanescott@example.net,2027
MrSimonMay227,Mr Simon May,rjohnson@example.net,2026
DrSophieBaxter100,Dr Sophie Baxter,parkerjacob@example.com,2026
DavidMiller-Crawford453,David Miller-Crawford,longdebra@example.org,2022
BenCook971,Ben Cook,lindakent@example.com,2027
DrMohammadBell933,Dr Mohammad Bell,scottneil@example.org,2023
DrAlexCarr836,Dr Alex Carr,brandonwalker@example.org,2027
MrsRachelGray302,Mrs Rachel Gray,smithkyle@example.net,2023
JanetHarris-Young855,Janet Harris-Young,kevinstanley@example.org,2022
DawnScott-Bates516,Dawn Scott-Bates,njames@example.net,2023
LesleyBrennan761,Lesley Brennan,taylorjoe@example.com,2021
DorothyKhan531,Dorothy Khan,norman80@example.net,2023
MissHelenWilson248,Miss Helen Wilson,francisbarnes@example.com,2024
MathewWilliams257,Mathew Williams,crobinson@example.net,2022
MrsGailSingh215,Mrs Gail Singh,connor12@example.org,2027
MrDanielBaker602,Mr Daniel Baker,arthur97@example.net,2026
KimAnderson847,Kim Anderson,kingrobin@example.net,2023
LauraNixon440,Laura Nixon,halleleanor@example.com,2024
ElliotWright-Brown422,Elliot Wright-Brown,nmiller@example.com,2026
JacquelineSmith-Wood159,Jacqueline Smith-Wood,kylereid@example.com,2022
StephenBolton-Osborne409,Stephen Bolton-Osborne,chelsea48@example.org,2024
KayleighFoster274,Kayleigh Foster,kwest@example.net,2023
MohammadTaylor406,Mohammad Taylor,nixongareth@example.com,2022
MrGaryHayes431,Mr Gary Hayes,jamiecox@example.com,2023
KevinMorris753,Kevin Morris,rcooke@example.com,2026
GlennRussell612,Glenn Russell,hardingjasmine@example.com,2023
DenisWood323,Denis Wood,laneshane@example.com,2027
DrSaraBailey913,Dr Sara Bailey,lynnroberts@example.net,2024
MarkAhmed736,Mark Ahmed,rbrown@example.net,2026
DrTimothyParker519,Dr Timothy Parker,vsaunders@example.net,2026
BrendaLee141,Brenda Lee,bernardbates@example.org,2025
DrVictorCampbell408,Dr Victor Campbell,glennmay@example.com,2027
BrianShah476,Brian Shah,amber50@example.com,2024
JasonRead495,Jason Read,ctyler@example.org,2022
ValerieBrown725,Valerie Brown,edwardmckenzie@example.net,2026
HarrietHoward764,Harriet Howard,shawrita@example.net,2026
EmilyFletcher455,Emily Fletcher,whitesimon@example.org,2025
JakeEdwards465,Jake Edwards,ktodd@example.com,2024
LawrenceTaylor-Fraser474,Lawrence Taylor-Fraser,nathanatkinson@example.net,2026
MrJonathanMoore772,Mr Jonathan Moore,christopher45@example.com,2026
MissChloeWhite902,Miss Chloe White,john24@example.org,2024
MarilynEdwards-Jones307,Marilyn Edwards-Jones,mbray@example.org,2027
DrTobyBailey574,Dr Toby Bailey,ryanbond@example.com,2026
AnnetteBradley393,Annette Bradley,smithmary@example.org,2026
DrLisaHolden509,Dr Lisa Holden,gordon73@example.com,2023
DrRogerDavies643,Dr Roger Davies,jdawson@example.net,2025
LeahPearson151,Leah Pearson,rnorris@example.net,2023
BrendaNelson-Tomlinson331,Brenda Nelson-Tomlinson,pateliain@example.org,2025
DrRhysArnold271,Dr Rhys Arnold,nbentley@example.com,2025
MsMelanieCross174,Ms Melanie Cross,jason60@example.net,2024
GailBrown556,Gail Brown,imorris@example.org,2025
MrLouisSmart823,Mr Louis Smart,mccarthyeleanor@example.org,2022
MrEdwardJohnson507,Mr Edward Johnson,mathew40@example.net,2025
ChristopherGoodwin379,Christopher Goodwin,eshaw@example.org,2026
ValerieLaw678,Valerie Law,sylviaclark@example.net,2024
ArthurWatts978,Arthur Watts,valerie90@example.org,2026
SaraKnight-Wilson802,Sara Knight-Wilson,agraham@example.net,2023
NigelWilkinson762,Nigel Wilkinson,jenniferfisher@example.net,2023
JoyceBegum530,Joyce Begum,stewartstephens@example.net,2027
MsMarionWells887,Ms Marion Wells,abigail53@example.net,2023
MichaelMorris636,Michael Morris,donald93@example.net,2026
DenisWoods-Mason701,Denis Woods-Mason,michaelcunningham@example.org,2023
MrDennisRussell287,Mr Dennis Russell,brookesamanda@example.net,2025
MarcHolmes236,Marc Holmes,jacquelinethomas@example.org,2024
MohammedGregory803,Mohammed Gregory,nathancharlton@example.net,2025
RebeccaTurner424,Rebecca Turner,antony09@example.org,2026
AimeeCooper733,Aimee Cooper,lsmith@example.net,2024
JillCollins-Foster567,Jill Collins-Foster,clairecarter@example.org,2028
KimHill-Hussain361,Kim Hill-Hussain,chloerogers@example.org,2028
PatrickKelly-Cartwright181,Patrick Kelly-Cartwright,greentrevor@example.net,2028
JoeMoss474,Joe Moss,nlewis@example.net,2028
StephenLyons666,Stephen Lyons,danielle79@example.net,2028
DrSamuelWilkinson909,Dr Samuel Wilkinson,vbarlow@example.org,2028
MsClareGilbert893,Ms Clare Gilbert,matthew86@example.com,2028
CameronBlack967,Cameron Black,williamsdanielle@example.net,2028
MrHarryHarris137,Mr Harry Harris,leonard89@example.com,2028
KimberleyJames393,Kimberley James,ellisjames@example.org,2028
CharlieTaylor625,Charlie Taylor,lpearce@example.net,2028
JamesChapman785,James Chapman,jasmine96@example.org,2028
LynneRussell855,Lynne Russell,williamsjanet@example.org,2028
MissMargaretO'Neill756,Miss Margaret O'Neill,browndamian@example.org,2028
DebraPickering854,Debra Pickering,griffithsjune@example.com,2028
ShaunParker509,Shaun Parker,eleanorbrown@example.net,2028
DrCarolLawrence685,Dr Carol Lawrence,jessica00@example.org,2028
TobyHarvey-West577,Toby Harvey-West,ygreenwood@example.org,2028
ShirleyMoss-Ellis961,Shirley Moss-Ellis,csims@example.com,2028
MrRichardKent314,Mr Richard Kent,duncan30@example.com,2028
KyleEvans-Davison327,Kyle Evans-Davison,tom85@example.com,2028
CliveKay507,Clive Kay,roy00@example.net,2028
JessicaHolland452,Jessica Holland,ldavies@example.com,2028
GordonGreenwood904,Gordon Greenwood,lesliedonnelly@example.net,2028
DrClareStevens787,Dr Clare Stevens,alexanderdunn@example.net,2028
MrColinRiley191,Mr Colin Riley,fevans@example.org,2028
AntonyRichards-Dale230,Antony Richards-Dale,wharris@example.net,2028
CameronJones814,Cameron Jones,staceythomas@example.org,2028
MissKarenGriffiths108,Miss Karen Griffiths,elliotwilliams@example.net,2028
JasmineRyan350,Jasmine Ryan,davidnicholls@example.com,2028
GraemeJohnson838,Graeme Johnson,stephensonkyle@example.org,2028
DrStephenRandall553,Dr Stephen Randall,sevans@example.org,2028
GarethMills126,Gareth Mills,ucurtis@example.com,2028
JoannePreston620,Joanne Preston,vanessanicholls@example.com,2028
MsAimeeJackson271,Ms Aimee Jackson,eperry@example.net,2028
GaryAtkinson-Mills930,Gary Atkinson-Mills,daleduncan@example.com,2028
SallyKing512,Sally King,mcdonaldmaurice@example.net,2028
DonnaTomlinson212,Donna Tomlinson,oliverfaulkner@example.org,2028
FrancescaJones890,Francesca Jones,kharper@example.net,2028
BethanCollier912,Bethan Collier,gillianthomas@example.net,2028
MsKarenManning293,Ms Karen Manning,kdean@example.org,2028
LindaTaylor201,Linda Taylor,lkirk@example.com,2028
LucyHarris136,Lucy Harris,liamrobertson@example.org,2028
JeanMartin-Taylor252,Jean Martin-Taylor,diane69@example.net,2028
MarcFuller557,Marc Fuller,michelle96@example.com,2028
PaulGarner181,Paul Garner,grace06@example.com,2028
DrGerardWood308,Dr Gerard Wood,zowen@example.com,2028
MissAmyWard114,Miss Amy Ward,elliottaaron@example.com,2028
SamReed-Godfrey577,Sam Reed-Godfrey,mjones@example.org,2028
PhillipNixon271,Phillip Nixon,carterdarren@example.org,2028
MrsBethConway329,Mrs Beth Conway,jeffrey18@example.net,2028
MrsChloeBradley708,Mrs Chloe Bradley,powellsamuel@example.org,2028
MrAndrewBegum732,Mr Andrew Begum,ewhite@example.net,2028
MissBrendaPayne236,Miss Brenda Payne,mariarose@example.com,2028
DrHarrietRobinson308,Dr Harriet Robinson,pjones@example.net,2028
LiamGrant300,Liam Grant,connollystewart@example.com,2028
ShannonChadwick-Elliott425,Shannon Chadwick-Elliott,smithterry@example.org,2028
StevenTalbot974,Steven Talbot,howeandrew@example.com,2028
AnnaMorris716,Anna Morris,annamorgan@example.org,2028
ElizabethPerry461,Elizabeth Perry,angelalloyd@example.com,2028
ReeceBirch663,Reece Birch,debraarnold@example.org,2028
DrJadeLewis620,Dr Jade Lewis,perkinsrosemary@example.com,2028
VictoriaKing-Harvey617,Victoria King-Harvey,benjamin90@example.com,2028
LeighTaylor612,Leigh Taylor,morrismathew@example.org,2028
DrHelenBailey498,Dr Helen Bailey,hgray@example.org,2028
RaymondHart419,Raymond Hart,ronaldmoore@example.net,2028
DrGarethFowler692,Dr Gareth Fowler,williamsalbert@example.org,2028
WilliamDavies515,William Davies,william38@example.org,2028
SheilaWilkinson951,Sheila Wilkinson,adrian41@example.com,2028
MartinPorter806,Martin Porter,hwilson@example.org,2028
ReeceHarrison734,Reece Harrison,humphriesrobert@example.net,2028
AliceLittle675,Alice Little,benjaminbennett@example.com,2028
CharlotteWilliams777,Charlotte Williams,albert46@example.net,2028
TrevorThomas636,Trevor Thomas,harriet40@example.net,2028
VanessaHayes938,Vanessa Hayes,carrtony@example.com,2028
AnnHolt636,Ann Holt,shane07@example.com,2028
GillianO'Neill341,Gillian O'Neill,pweston@example.com,2028
MrMarcPatel430,Mr Marc Patel,tobysutton@example.com,2028
DuncanMartin731,Duncan Martin,tlewis@example.org,2028
DrNeilKaur814,Dr Neil Kaur,marcbrookes@example.net,2028
DrElliotWilkinson598,Dr Elliot Wilkinson,dwilliamson@example.com,2028
DenisByrne-Thomas453,Denis Byrne-Thomas,melaniegibson@example.org,2028
AaronButler803,Aaron Butler,mortondamien@example.com,2028
MarilynSmith199,Marilyn Smith,shaneallen@example.org,2028
DrRonaldSimmons655,Dr Ronald Simmons,nolanjay@example.com,2028
DaniellePorter555,Danielle Porter,hfox@example.net,2027
BillyWright689,Billy Wright,browneleanor@example.net,2027
JoeKemp943,Joe Kemp,lynchcarol@example.com,2027
CarlyDavison568,Carly Davison,annette55@example.org,2027
BethanyStone718,Bethany Stone,sandra91@example.com,2027
DamienCarter188,Damien Carter,zoe10@example.org,2027
DrMarkTaylor554,Dr Mark Taylor,phillipsmargaret@example.org,2027
MrStephenBoyle714,Mr Stephen Boyle,franklintimothy@example.com,2027
AbbieCunningham813,Abbie Cunningham,robin41@example.com,2027
MrLeighDavies275,Mr Leigh Davies,elliottrichards@example.net,2027
GarethKhan769,Gareth Khan,murphyelliot@example.org,2027
AnnKaur131,Ann Kaur,lawrencesuzanne@example.com,2027
MartynHowell164,Martyn Howell,parkerelaine@example.net,2027
MsSusanAllen675,Ms Susan Allen,maureenedwards@example.com,2027
BethanyMitchell353,Bethany Mitchell,joanrees@example.com,2027
AnnetteMoss239,Annette Moss,sarah07@example.net,2027
KatieMiles768,Katie Miles,katywright@example.org,2027
CatherineHumphreys449,Catherine Humphreys,bethandavies@example.com,2027
DamienMorris795,Damien Morris,clifford12@example.net,2027
CarolineThomas314,Caroline Thomas,gary31@example.net,2027
DeniseCampbell368,Denise Campbell,mohammedwright@example.org,2027
GlennShaw865,Glenn Shaw,ygregory@example.net,2027
DonaldReid808,Donald Reid,henry98@example.net,2027
DianeHughes976,Diane Hughes,duncanrichardson@example.org,2027
JuneTaylor179,June Taylor,wcooper@example.com,2027
RussellMartin393,Russell Martin,mohammedoconnor@example.com,2027
GraceBall640,Grace Ball,cjackson@example.net,2027
JaniceWebster756,Janice Webster,ritaobrien@example.org,2027
DrShaunClarke311,Dr Shaun Clarke,colinduncan@example.net,2027
DrAlisonO'Connor835,Dr Alison O'Connor,edwardsmarion@example.com,2027
MohammedHutchinson-Alexander755,Mohammed Hutchinson-Alexander,victoriacoles@example.net,2027
MrFrederickFarrell222,Mr Frederick Farrell,greeniain@example.org,2027
LouiseMoran178,Louise Moran,kimevans@example.org,2027
KimWade245,Kim Wade,qholden@example.org,2027
ReeceScott379,Reece Scott,lnewton@example.net,2027
ShannonRussell-Parker893,Shannon Russell-Parker,lawrencewebster@example.net,2027
MartynGibbs693,Martyn Gibbs,joan77@example.org,2027
DrNormanRichardson450,Dr Norman Richardson,frankwillis@example.com,2027
MrsGeraldineAdams675,Mrs Geraldine Adams,richardclark@example.net,2027
CherylDoyle967,Cheryl Doyle,ismith@example.net,2027
IreneMartin760,Irene Martin,gfleming@example.com,2027
MissJaneHarris410,Miss Jane Harris,tbrown@example.org,2027
MsLindaRose448,Ms Linda Rose,alexandermarshall@example.org,2027
FrederickJones201,Frederick Jones,xwheeler@example.org,2027
BryanStephenson-Shepherd738,Bryan Stephenson-Shepherd,sarah77@example.net,2027
VictorHolmes385,Victor Holmes,albertwilliams@example.com,2027
StuartIqbal876,Stuart Iqbal,gary26@example.net,2027
TerenceKing697,Terence King,whiteheadclare@example.org,2027
NormanHolloway377,Norman Holloway,heatherarmstrong@example.net,2027
MrDeanParker436,Mr Dean Parker,daviesharriet@example.com,2027
JoshTaylor944,Josh Taylor,katherine49@example.com,2027
DrGarethSmith697,Dr Gareth Smith,aherbert@example.org,2027
MrHenryFrost556,Mr Henry Frost,shirleyferguson@example.org,2027
DrAlexandraJohnston179,Dr Alexandra Johnston,klewis@example.net,2027
BethPreston828,Beth Preston,qmorris@example.net,2027
MissSallyWhitehouse688,Miss Sally Whitehouse,nicholasnorris@example.net,2027
JaneBrown662,Jane Brown,clarkelouise@example.com,2027
PhilipTaylor278,Philip Taylor,jacksonshirley@example.org,2027
AlisonBond-McKenzie580,Alison Bond-McKenzie,elee@example.com,2027
MarionReeves193,Marion Reeves,grace21@example.org,2027
IanHarrison426,Ian Harrison,clivebates@example.com,2027
StaceySmith206,Stacey Smith,danieljones@example.org,2027
SharonOwen107,Sharon Owen,mnicholson@example.com,2026
MissJaneClark752,Miss Jane Clark,paigebrown@example.org,2026
RachelPeacock367,Rachel Peacock,tracy19@example.com,2026
NathanMarshall907,Nathan Marshall,barrettrachel@example.org,2025
LeeWebster956,Lee Webster,paigefarmer@example.org,2025
DavidJordan806,David Jordan,lawrence70@example.com,2025
GuyGoodwin-Nixon815,Guy Goodwin-Nixon,ithompson@example.com,2025
JoshMason493,Josh Mason,cmartin@example.org,2025
HarrietChandler-Watkins867,Harriet Chandler-Watkins,jenkinsiain@example.com,2025
MrTomHarris620,Mr Tom Harris,ggardner@example.net,2025
JaniceMoore587,Janice Moore,janegray@example.net,2024
DeborahCarroll-Evans233,Deborah Carroll-Evans,ihughes@example.org,2024
RhysRobinson676,Rhys Robinson,ben19@example.com,2024
MrCraigLee343,Mr Craig Lee,edward20@example.net,2024
MissKimberleyJohn257,Miss Kimberley John,albert61@example.org,2024
ThomasGriffiths-Miles547,Thomas Griffiths-Miles,gduffy@example.org,2024
JeffreyMurphy136,Jeffrey Murphy,alexandrabarton@example.org,2024
CraigJackson-Taylor619,Craig Jackson-Taylor,andrew24@example.com,2024
DrStephenDavies276,Dr Stephen Davies,rbrown@example.org,2024
AshleyStevens775,Ashley Stevens,williamsjoyce@example.org,2024
MrBradleyDavies826,Mr Bradley Davies,helenpatel@example.net,2024
DrDonaldDavies694,Dr Donald Davies,dohertystephanie@example.org,2024
MsGillianWright431,Ms Gillian Wright,paulinerobertson@example.net,2024
DrCaroleSmith458,Dr Carole Smith,harveypatrick@example.net,2023
MsAnnCooper710,Ms Ann Cooper,amanda94@example.org,2027